{
  "lang":"en",
  "name":"model",
  "version":"0.0.0",
  "spacy_version":">=2.3.4",
  "description":"",
  "author":"",
  "email":"",
  "url":"",
  "license":"",
  "spacy_git_version":"6fb3e4796",
  "vectors":{
    "width":0,
    "vectors":0,
    "keys":0,
    "name":"spacy_pretrained_vectors"
  },
  "pipeline":[
    "ner"
  ],
  "factories":{
    "ner":"ner"
  },
  "labels":{
    "ner":[
      "Category",
      "Customer",
      "Sub_Category",
      "Task"
    ]
  }
}